,abstracting,accepting,analogical_thinking,analyzing,applying,attentional_deployment,cognition_awareness,convergent_thinking,counterfactual_reasoning,creating,distinguishing,divergent_thinking,emotion_characterizing,emotion_management,emotion_organizing,emotion_perception,emotion_receiving,emotion_responding,emotion_understanding,emotion_valuing,emotional_reappraisal,evaluating,hypothesis_generation,meta_awareness,metacognitive_monitoring,metacognitive_regulation,noticing,pattern_recognition,questioning,reconsidering,reframing,remembering,response_modulation,self_questioning,situation_modification,situation_selection,understanding,zooming_in,zooming_out
abstracting,0,0,2,2,0,2,2,2,0,0,0,2,0,0,0,0,2,2,0,2,0,0,0,2,0,0,0,0,2,0,0,0,2,2,0,0,2,0,0
accepting,0,0,0,0,0,0,0,4,0,0,0,0,0,0,0,0,0,4,0,2,0,4,4,0,0,0,0,0,4,0,0,0,0,2,0,0,0,0,0
analogical_thinking,2,0,0,1,0,6,2,13,4,7,0,2,0,0,0,10,28,47,0,29,2,31,37,2,0,0,4,3,29,4,2,0,4,25,0,4,14,0,23
analyzing,2,0,1,0,4,4,6,4,8,11,2,18,4,2,8,6,6,13,2,6,4,8,12,2,0,0,0,1,2,4,2,14,4,15,4,2,7,2,0
applying,0,0,0,4,0,0,0,8,2,2,2,4,6,0,6,2,6,8,0,8,4,10,10,0,2,2,2,4,10,0,0,0,2,18,0,0,2,0,0
attentional_deployment,2,0,6,4,0,0,6,0,2,4,0,14,0,4,0,4,4,12,0,0,0,8,2,2,2,0,2,2,0,0,0,2,6,4,0,0,2,0,4
cognition_awareness,2,0,2,6,0,6,0,2,0,6,0,6,0,2,0,6,6,10,0,2,2,6,4,6,4,0,8,0,6,0,0,4,8,12,0,2,4,2,10
convergent_thinking,2,4,13,4,8,0,2,0,16,8,0,18,2,0,0,4,14,63,0,64,0,82,94,0,2,2,0,4,72,6,2,0,5,65,2,6,19,0,19
counterfactual_reasoning,0,0,4,8,2,2,0,16,0,10,0,18,0,0,2,4,0,44,0,30,2,40,56,0,0,0,4,0,34,6,2,6,12,52,6,12,2,8,2
creating,0,0,7,11,2,4,6,8,10,0,2,30,4,0,2,8,10,23,0,2,0,16,20,4,2,0,4,1,8,8,0,2,2,21,6,6,3,2,8
distinguishing,0,0,0,2,2,0,0,0,0,2,0,2,6,0,6,4,2,0,0,0,4,0,4,2,0,0,0,0,6,0,0,0,0,10,0,0,4,0,0
divergent_thinking,2,0,2,18,4,14,6,18,18,30,2,0,2,2,0,0,6,18,2,12,0,28,46,8,2,0,4,2,22,8,0,6,6,34,10,8,10,0,20
emotion_characterizing,0,0,0,4,6,0,0,2,0,4,6,2,0,0,16,0,0,10,0,8,2,10,6,0,0,0,0,2,14,0,0,0,0,24,0,0,8,0,2
emotion_management,0,0,0,2,0,4,2,0,0,0,0,2,0,0,0,2,0,2,0,2,0,3,0,0,0,0,0,0,0,0,0,0,5,0,0,0,0,0,0
emotion_organizing,0,0,0,8,6,0,0,0,2,2,6,0,16,0,0,0,0,6,0,6,4,4,4,0,0,0,0,2,8,0,2,4,0,18,0,0,6,0,0
emotion_perception,0,0,10,6,2,4,6,4,4,8,4,0,0,2,0,0,42,40,0,4,8,20,32,2,2,2,14,6,2,0,0,8,12,28,0,0,0,4,2
emotion_receiving,2,0,28,6,6,4,6,14,0,10,2,6,0,0,0,42,0,82,2,4,4,40,64,2,0,0,14,10,6,0,0,8,16,42,0,0,6,0,10
emotion_responding,2,4,47,13,8,12,10,63,44,23,0,18,10,2,6,40,82,0,0,91,12,175,173,6,2,0,6,9,103,10,4,4,43,162,4,6,19,4,34
emotion_understanding,0,0,0,2,0,0,0,0,0,0,0,2,0,0,0,0,2,0,0,0,0,0,0,0,0,0,0,0,0,0,0,2,0,2,0,0,0,0,0
emotion_valuing,2,2,29,6,8,0,2,64,30,2,0,12,8,2,6,4,4,91,0,0,14,112,136,0,0,0,0,4,112,10,6,4,11,103,0,4,35,2,31
emotional_reappraisal,0,0,2,4,4,0,2,0,2,0,4,0,2,0,4,8,4,12,0,14,0,6,8,0,0,0,0,2,14,0,4,4,4,14,0,0,0,4,4
evaluating,0,4,31,8,10,8,6,82,40,16,0,28,10,3,4,20,40,175,0,112,6,0,186,4,2,2,4,4,126,18,2,2,30,153,10,18,31,0,45
hypothesis_generation,0,4,37,12,10,2,4,94,56,20,4,46,6,0,4,32,64,173,0,136,8,186,0,6,2,2,18,10,146,18,6,4,31,175,10,18,43,0,49
meta_awareness,2,0,2,2,0,2,6,0,0,4,2,8,0,0,0,2,2,6,0,0,0,4,6,0,0,0,4,0,2,0,0,0,6,8,0,2,4,0,4
metacognitive_monitoring,0,0,0,0,2,2,4,2,0,2,0,2,0,0,0,2,0,2,0,0,0,2,2,0,0,2,0,0,2,0,0,2,0,4,0,0,0,0,4
metacognitive_regulation,0,0,0,0,2,0,0,2,0,0,0,0,0,0,0,2,0,0,0,0,0,2,2,0,2,0,0,0,0,0,0,0,0,2,0,0,0,0,0
noticing,0,0,4,0,2,2,8,0,4,4,0,4,0,0,0,14,14,6,0,0,0,4,18,4,0,0,0,4,0,0,0,2,6,12,0,2,2,0,2
pattern_recognition,0,0,3,1,4,2,0,4,0,1,0,2,2,0,2,6,10,9,0,4,2,4,10,0,0,0,4,0,2,0,0,2,4,13,0,0,1,2,0
questioning,2,4,29,2,10,0,6,72,34,8,6,22,14,0,8,2,6,103,0,112,14,126,146,2,2,0,0,2,0,8,6,0,9,145,2,6,37,0,55
reconsidering,0,0,4,4,0,0,0,6,6,8,0,8,0,0,0,0,0,10,0,10,0,18,18,0,0,0,0,0,8,0,0,0,2,10,6,10,4,0,2
reframing,0,0,2,2,0,0,0,2,2,0,0,0,0,0,2,0,0,4,0,6,4,2,6,0,0,0,0,0,6,0,0,2,0,2,0,0,0,0,0
remembering,0,0,0,14,0,2,4,0,6,2,0,6,0,0,4,8,8,4,2,4,4,2,4,0,2,0,2,2,0,0,2,0,0,12,0,0,0,6,2
response_modulation,2,0,4,4,2,6,8,5,12,2,0,6,0,5,0,12,16,43,0,11,4,30,31,6,0,0,6,4,9,2,0,0,0,33,2,4,6,4,4
self_questioning,2,2,25,15,18,4,12,65,52,21,10,34,24,0,18,28,42,162,2,103,14,153,175,8,4,2,12,13,145,10,2,12,33,0,4,8,25,6,48
situation_modification,0,0,0,4,0,0,0,2,6,6,0,10,0,0,0,0,0,4,0,0,0,10,10,0,0,0,0,0,2,6,0,0,2,4,0,6,0,0,0
situation_selection,0,0,4,2,0,0,2,6,12,6,0,8,0,0,0,0,0,6,0,4,0,18,18,2,0,0,2,0,6,10,0,0,4,8,6,0,4,0,4
understanding,2,0,14,7,2,2,4,19,2,3,4,10,8,0,6,0,6,19,0,35,0,31,43,4,0,0,2,1,37,4,0,0,6,25,0,4,0,0,21
zooming_in,0,0,0,2,0,0,2,0,8,2,0,0,0,0,0,4,0,4,0,2,4,0,0,0,0,0,0,2,0,0,0,6,4,6,0,0,0,0,0
zooming_out,0,0,23,0,0,4,10,19,2,8,0,20,2,0,0,2,10,34,0,31,4,45,49,4,4,0,2,0,55,2,0,2,4,48,0,4,21,0,0
