,abstracting,accepting,analogical_thinking,analyzing,applying,attentional_deployment,cognition_awareness,concretizing,connecting,convergent_thinking,counterfactual_reasoning,creating,distinguishing,divergent_thinking,emotion_characterizing,emotion_facilitation,emotion_management,emotion_organizing,emotion_perception,emotion_receiving,emotion_responding,emotion_understanding,emotion_valuing,emotional_reappraisal,evaluating,hypothesis_generation,meta_awareness,metacognitive_monitoring,metacognitive_regulation,noticing,pattern_recognition,perspective_taking,questioning,reconsidering,reframing,remembering,response_modulation,self_questioning,situation_modification,situation_selection,suspending_judgment,understanding,updating_beliefs,zooming_in,zooming_out
abstracting,0,2,1,5,0,2,1,0,1,3,0,2,3,10,6,0,3,6,3,2,0,3,2,2,1,2,1,3,5,1,12,0,1,0,6,1,0,3,1,1,0,2,1,1,0
accepting,2,0,0,0,1,1,0,0,0,1,0,0,2,2,2,0,4,2,0,0,1,0,0,2,0,0,0,0,0,0,0,0,3,1,7,0,1,0,2,3,0,1,1,0,0
analogical_thinking,1,0,0,1,1,1,0,1,0,5,1,1,0,9,9,1,7,4,3,2,2,2,3,8,1,3,0,2,0,1,3,2,2,1,6,2,5,3,1,2,0,0,0,0,1
analyzing,5,0,1,0,19,9,6,29,0,9,0,11,5,20,4,0,16,25,6,1,2,4,0,3,4,6,3,15,23,4,17,0,1,0,0,3,0,0,5,3,0,2,5,1,6
applying,0,1,1,19,0,8,3,12,3,2,1,11,1,16,7,3,22,16,5,3,3,1,3,2,2,4,1,7,20,1,18,1,1,2,0,4,3,1,10,13,0,2,6,1,1
attentional_deployment,2,1,1,9,8,0,2,50,0,10,1,3,1,23,6,3,60,3,4,9,3,1,1,3,0,6,2,56,35,5,17,1,0,0,5,8,13,2,16,37,0,0,3,1,11
cognition_awareness,1,0,0,6,3,2,0,8,0,2,2,1,1,3,2,1,2,6,4,6,1,3,1,2,1,2,4,8,2,0,4,0,2,0,1,2,1,3,0,1,0,3,0,0,4
concretizing,0,0,1,29,12,50,8,0,0,17,2,9,3,23,3,3,17,6,11,16,1,2,4,5,0,6,0,52,23,5,9,0,2,0,5,2,4,2,14,15,0,3,6,1,15
connecting,1,0,0,0,3,0,0,0,0,0,0,5,1,0,8,2,1,7,0,0,0,0,2,3,0,0,0,0,1,0,4,0,1,0,3,1,0,0,1,1,0,0,3,0,1
convergent_thinking,3,1,5,9,2,10,2,17,0,0,2,11,3,23,8,0,18,4,5,0,2,1,2,5,4,10,0,9,16,0,11,0,5,0,12,0,1,5,6,10,0,2,0,0,0
counterfactual_reasoning,0,0,1,0,1,1,2,2,0,2,0,0,0,3,0,2,2,0,3,1,0,0,2,0,1,3,0,1,2,1,4,1,2,0,1,1,0,2,1,3,0,1,2,0,0
creating,2,0,1,11,11,3,1,9,5,11,0,0,3,29,7,4,13,16,1,0,1,1,0,3,3,13,0,5,17,0,16,0,4,1,5,1,5,1,12,17,0,1,5,0,1
distinguishing,3,2,0,5,1,1,1,3,1,3,0,3,0,5,2,0,2,5,0,0,0,2,1,6,0,1,1,0,3,1,4,0,3,0,9,0,1,2,2,1,0,4,2,0,0
divergent_thinking,10,2,9,20,16,23,3,23,0,23,3,29,5,0,20,7,36,29,6,2,3,2,4,6,5,28,0,26,53,3,25,1,8,0,16,2,8,5,21,34,0,2,2,0,3
emotion_characterizing,6,2,9,4,7,6,2,3,8,8,0,7,2,20,0,2,42,25,21,15,8,4,24,6,17,14,0,12,12,0,18,1,7,2,16,11,8,7,6,21,0,1,8,0,2
emotion_facilitation,0,0,1,0,3,3,1,3,2,0,2,4,0,7,2,0,11,5,2,0,0,1,1,0,2,0,1,8,8,2,5,0,2,0,2,0,5,3,5,8,0,0,0,0,0
emotion_management,3,4,7,16,22,60,2,17,1,18,2,13,2,36,42,11,0,19,26,10,14,6,16,11,18,10,5,48,72,4,35,0,8,1,25,17,31,6,27,69,0,3,7,1,2
emotion_organizing,6,2,4,25,16,3,6,6,7,4,0,16,5,29,25,5,19,0,16,8,2,5,8,5,5,15,3,14,19,1,30,0,2,2,9,2,1,1,9,7,0,0,14,0,4
emotion_perception,3,0,3,6,5,4,4,11,0,5,3,1,0,6,21,2,26,16,0,34,12,7,16,5,20,10,2,16,6,10,23,0,1,0,2,10,3,4,2,9,0,0,11,0,1
emotion_receiving,2,0,2,1,3,9,6,16,0,0,1,0,0,2,15,0,10,8,34,0,11,4,16,2,12,8,0,16,0,6,9,0,0,0,2,9,4,3,0,3,0,1,7,0,8
emotion_responding,0,1,2,2,3,3,1,1,0,2,0,1,0,3,8,0,14,2,12,11,0,3,5,2,6,9,1,3,3,1,5,0,3,2,2,4,2,1,2,6,1,0,2,1,0
emotion_understanding,3,0,2,4,1,1,3,2,0,1,0,1,2,2,4,1,6,5,7,4,3,0,3,3,1,1,1,3,2,1,7,0,0,0,3,5,2,3,0,1,0,0,0,0,0
emotion_valuing,2,0,3,0,3,1,1,4,2,2,2,0,1,4,24,1,16,8,16,16,5,3,0,5,11,10,0,5,3,0,10,1,1,1,8,12,1,2,1,12,0,1,5,0,3
emotional_reappraisal,2,2,8,3,2,3,2,5,3,5,0,3,6,6,6,0,11,5,5,2,2,3,5,0,3,4,3,4,4,1,3,1,5,1,20,3,6,6,1,2,0,6,4,1,4
evaluating,1,0,1,4,2,0,1,0,0,4,1,3,0,5,17,2,18,5,20,12,6,1,11,3,0,9,1,14,11,3,9,0,3,2,5,7,7,2,1,9,0,0,4,0,1
hypothesis_generation,2,0,3,6,4,6,2,6,0,10,3,13,1,28,14,0,10,15,10,8,9,1,10,4,9,0,0,9,18,0,10,2,5,0,6,3,3,3,13,20,1,5,4,1,3
meta_awareness,1,0,0,3,1,2,4,0,0,0,0,0,1,0,0,1,5,3,2,0,1,1,0,3,1,0,0,3,4,0,2,0,0,0,1,1,1,1,0,1,0,1,0,0,0
metacognitive_monitoring,3,0,2,15,7,56,8,52,0,9,1,5,0,26,12,8,48,14,16,16,3,3,5,4,14,9,3,0,50,4,24,0,2,0,5,5,13,2,5,20,0,2,6,1,12
metacognitive_regulation,5,0,0,23,20,35,2,23,1,16,2,17,3,53,12,8,72,19,6,0,3,2,3,4,11,18,4,50,0,2,37,0,5,1,9,1,18,2,23,48,0,2,12,2,1
noticing,1,0,1,4,1,5,0,5,0,0,1,0,1,3,0,2,4,1,10,6,1,1,0,1,3,0,0,4,2,0,11,0,1,1,1,4,2,1,5,5,0,0,2,0,0
pattern_recognition,12,0,3,17,18,17,4,9,4,11,4,16,4,25,18,5,35,30,23,9,5,7,10,3,9,10,2,24,37,11,0,0,4,4,6,3,4,2,10,22,0,2,14,1,0
perspective_taking,0,0,2,0,1,1,0,0,0,0,1,0,0,1,1,0,0,0,0,0,0,0,1,1,0,2,0,0,0,0,0,0,0,0,1,1,0,0,0,2,0,0,0,0,0
questioning,1,3,2,1,1,0,2,2,1,5,2,4,3,8,7,2,8,2,1,0,3,0,1,5,3,5,0,2,5,1,4,0,0,3,10,0,1,5,2,3,1,3,4,0,1
reconsidering,0,1,1,0,2,0,0,0,0,0,0,1,0,0,2,0,1,2,0,0,2,0,1,1,2,0,0,0,1,1,4,0,3,0,4,0,1,1,1,0,0,0,3,0,0
reframing,6,7,6,0,0,5,1,5,3,12,1,5,9,16,16,2,25,9,2,2,2,3,8,20,5,6,1,5,9,1,6,1,10,4,0,1,8,4,11,15,0,6,5,0,1
remembering,1,0,2,3,4,8,2,2,1,0,1,1,0,2,11,0,17,2,10,9,4,5,12,3,7,3,1,5,1,4,3,1,0,0,1,0,1,2,0,8,0,1,0,0,1
response_modulation,0,1,5,0,3,13,1,4,0,1,0,5,1,8,8,5,31,1,3,4,2,2,1,6,7,3,1,13,18,2,4,0,1,1,8,1,0,2,9,17,0,1,1,0,1
self_questioning,3,0,3,0,1,2,3,2,0,5,2,1,2,5,7,3,6,1,4,3,1,3,2,6,2,3,1,2,2,1,2,0,5,1,4,2,2,0,0,0,0,2,1,0,1
situation_modification,1,2,1,5,10,16,0,14,1,6,1,12,2,21,6,5,27,9,2,0,2,0,1,1,1,13,0,5,23,5,10,0,2,1,11,0,9,0,0,38,1,1,6,0,1
situation_selection,1,3,2,3,13,37,1,15,1,10,3,17,1,34,21,8,69,7,9,3,6,1,12,2,9,20,1,20,48,5,22,2,3,0,15,8,17,0,38,0,1,1,4,1,1
suspending_judgment,0,0,0,0,0,0,0,0,0,0,0,0,0,0,0,0,0,0,0,0,1,0,0,0,0,1,0,0,0,0,0,0,1,0,0,0,0,0,1,1,0,0,0,0,0
understanding,2,1,0,2,2,0,3,3,0,2,1,1,4,2,1,0,3,0,0,1,0,0,1,6,0,5,1,2,2,0,2,0,3,0,6,1,1,2,1,1,0,0,0,0,0
updating_beliefs,1,1,0,5,6,3,0,6,3,0,2,5,2,2,8,0,7,14,11,7,2,0,5,4,4,4,0,6,12,2,14,0,4,3,5,0,1,1,6,4,0,0,0,0,1
zooming_in,1,0,0,1,1,1,0,1,0,0,0,0,0,0,0,0,1,0,0,0,1,0,0,1,0,1,0,1,2,0,1,0,0,0,0,0,0,0,0,1,0,0,0,0,1
zooming_out,0,0,1,6,1,11,4,15,1,0,0,1,0,3,2,0,2,4,1,8,0,0,3,4,1,3,0,12,1,0,0,0,1,0,1,1,1,1,1,1,0,0,1,1,0
